name,arch_specific,source_arch,input_shape_flexible,input_requirements,category,subcategory,difficulty,input_dtype_flexible,input_dtype_requirements
level1/100_hingeloss,no,,yes,matching prediction/target pair,loss,objective,medium,partial,float only; some require fp32 for stability
level1/10_3d_tensor_matrix_multiplication,no,,yes,2D+ with matching inner dim,matmul,linear_algebra,easy,yes,any float (fp16/bf16/fp32/fp64)
level1/11_4d_tensor_matrix_multiplication,no,,yes,2D+ with matching inner dim,matmul,linear_algebra,easy,yes,any float (fp16/bf16/fp32/fp64)
level1/12_matmul_with_diagonal_matrices,no,,yes,diagonal A via broadcasting (A.unsqueeze(1)*B); non-standard matmul,matmul,linear_algebra,medium,yes,any float (fp16/bf16/fp32/fp64)
level1/13_matmul_for_symmetric_matrices,no,,yes,2D+ with matching inner dim,matmul,linear_algebra,easy,yes,any float (fp16/bf16/fp32/fp64)
level1/14_matmul_for_upper_triangular_matrices,no,,yes,matmul + torch.triu masking; triangular output constraint,matmul,linear_algebra,medium,yes,any float (fp16/bf16/fp32/fp64)
level1/15_matmul_for_lower_triangular_matrices,no,,yes,matmul + torch.tril masking; triangular output constraint,matmul,linear_algebra,medium,yes,any float (fp16/bf16/fp32/fp64)
level1/16_matmul_with_transposed_a,no,,yes,2D+ with matching inner dim,matmul,linear_algebra,easy,yes,any float (fp16/bf16/fp32/fp64)
level1/17_matmul_with_transposed_b,no,,yes,2D+ with matching inner dim,matmul,linear_algebra,easy,yes,any float (fp16/bf16/fp32/fp64)
level1/18_matmul_with_transposed_both,no,,yes,2D+ with matching inner dim,matmul,linear_algebra,easy,yes,any float (fp16/bf16/fp32/fp64)
level1/19_relu,no,,yes,any shape float tensor,activation,nonlinearity,easy,yes,any float (fp16/bf16/fp32/fp64)
level1/1_square_matrix_multiplication,no,,yes,2D+ with matching inner dim,matmul,linear_algebra,easy,yes,any float (fp16/bf16/fp32/fp64)
level1/20_leakyrelu,no,,yes,any shape float tensor,activation,nonlinearity,easy,yes,any float (fp16/bf16/fp32/fp64)
level1/21_sigmoid,no,,yes,any shape float tensor,activation,nonlinearity,easy,yes,any float (fp16/bf16/fp32/fp64)
level1/22_tanh,no,,yes,any shape float tensor,activation,nonlinearity,easy,yes,any float (fp16/bf16/fp32/fp64)
level1/23_softmax,no,,yes,any shape float tensor,activation,reduction_activation,easy,yes,any float (fp16/bf16/fp32/fp64)
level1/24_logsoftmax,no,,yes,any shape float tensor,activation,reduction_activation,easy,yes,any float (fp16/bf16/fp32/fp64)
level1/25_swish,no,,yes,any shape float tensor,activation,nonlinearity,easy,yes,any float (fp16/bf16/fp32/fp64)
level1/26_gelu,no,,yes,any shape float tensor,activation,nonlinearity,easy,yes,any float (fp16/bf16/fp32/fp64)
level1/27_selu,no,,yes,any shape float tensor,activation,nonlinearity,easy,yes,any float (fp16/bf16/fp32/fp64)
level1/28_hardsigmoid,no,,yes,any shape float tensor,activation,nonlinearity,easy,yes,any float (fp16/bf16/fp32/fp64)
level1/29_softplus,no,,yes,any shape float tensor,activation,nonlinearity,easy,yes,any float (fp16/bf16/fp32/fp64)
level1/2_standard_matrix_multiplication,no,,yes,2D+ with matching inner dim,matmul,linear_algebra,easy,yes,any float (fp16/bf16/fp32/fp64)
level1/30_softsign,no,,yes,any shape float tensor,activation,nonlinearity,easy,yes,any float (fp16/bf16/fp32/fp64)
level1/31_elu,no,,yes,any shape float tensor,activation,nonlinearity,easy,yes,any float (fp16/bf16/fp32/fp64)
level1/32_hardtanh,no,,yes,any shape float tensor,activation,nonlinearity,easy,yes,any float (fp16/bf16/fp32/fp64)
level1/33_batchnorm,no,,no,"ndim matches norm type, features match init",normalization,normalization,medium,partial,float only; BatchNorm running stats require fp32
level1/34_instancenorm,no,,no,"ndim matches norm type, features match init",normalization,normalization,medium,partial,float only; InstanceNorm running stats may need fp32
level1/35_groupnorm,no,,no,"ndim matches norm type, features match init",normalization,normalization,medium,partial,any float (fp16/bf16/fp32/fp64); no running stats
level1/36_rmsnorm,no,,partial,trailing dims match normalized_shape from init; leading dims (batch/seq) free,normalization,normalization,medium,partial,any float (fp16/bf16/fp32/fp64); no running stats
level1/37_frobeniusnorm,no,,yes,any shape float tensor; computes global Frobenius norm,reduction,norm_aggregation,easy,partial,any float (fp16/bf16/fp32/fp64)
level1/38_l1norm,no,,partial,2D+ tensor; L1 norm reduction along dim=1,reduction,norm_aggregation,easy,partial,any float (fp16/bf16/fp32/fp64)
level1/39_l2norm,no,,partial,2D+ tensor; L2 norm reduction along dim=1,reduction,norm_aggregation,easy,partial,any float (fp16/bf16/fp32/fp64)
level1/3_batched_matrix_multiplication,no,,yes,2D+ with matching inner dim,matmul,linear_algebra,easy,yes,any float (fp16/bf16/fp32/fp64)
level1/40_layernorm,no,,partial,trailing dims match normalized_shape from init; leading dims (batch/seq) free,normalization,normalization,medium,partial,any float (fp16/bf16/fp32/fp64); no running stats
level1/41_max_pooling_1d,no,,no,NCHW/NCDHW,pooling,spatial,medium,yes,any float (fp16/bf16/fp32/fp64)
level1/42_max_pooling_2d,no,,no,NCHW/NCDHW,pooling,spatial,medium,yes,any float (fp16/bf16/fp32/fp64)
level1/43_max_pooling_3d,no,,no,NCHW/NCDHW,pooling,spatial,medium,yes,any float (fp16/bf16/fp32/fp64)
level1/44_average_pooling_1d,no,,no,NCHW/NCDHW,pooling,spatial,medium,yes,any float (fp16/bf16/fp32/fp64)
level1/45_average_pooling_2d,no,,no,NCHW/NCDHW,pooling,spatial,medium,yes,any float (fp16/bf16/fp32/fp64)
level1/46_average_pooling_3d,no,,no,NCHW/NCDHW,pooling,spatial,medium,yes,any float (fp16/bf16/fp32/fp64)
level1/47_sum_reduction_over_a_dimension,no,,yes,"any shape, configurable dim",reduction,aggregation,easy,yes,any float (fp16/bf16/fp32/fp64)
level1/48_mean_reduction_over_a_dimension,no,,yes,"any shape, configurable dim",reduction,aggregation,easy,yes,any float (fp16/bf16/fp32/fp64)
level1/49_max_reduction_over_a_dimension,no,,yes,"any shape, configurable dim",reduction,aggregation,easy,yes,any float (fp16/bf16/fp32/fp64)
level1/4_matrix_vector_multiplication,no,,yes,2D+ with matching inner dim,matmul,linear_algebra,easy,yes,any float (fp16/bf16/fp32/fp64)
level1/50_conv_standard_2d_square_input_square_kernel,no,,no,"NCHW/NCDHW, C matches init",conv,convolution,medium,partial,fp16/bf16/fp32; cuDNN must support dtype
level1/51_argmax_over_a_dimension,no,,yes,"any shape, configurable dim",reduction,aggregation,easy,yes,any float (fp16/bf16/fp32/fp64)
level1/52_argmin_over_a_dimension,no,,yes,"any shape, configurable dim",reduction,aggregation,easy,yes,any float (fp16/bf16/fp32/fp64)
level1/53_min_reduction_over_a_dimension,no,,yes,"any shape, configurable dim",reduction,aggregation,easy,yes,any float (fp16/bf16/fp32/fp64)
level1/54_conv_standard_3d_square_input_square_kernel,no,,no,"NCHW/NCDHW, C matches init",conv,convolution,medium,partial,fp16/bf16/fp32; cuDNN must support dtype
level1/55_conv_standard_2d_asymmetric_input_square_kernel,no,,no,"NCHW/NCDHW, C matches init",conv,convolution,medium,partial,fp16/bf16/fp32; cuDNN must support dtype
level1/56_conv_standard_2d_asymmetric_input_asymmetric_kernel,no,,no,"NCHW/NCDHW, C matches init",conv,convolution,medium,partial,fp16/bf16/fp32; cuDNN must support dtype
level1/57_conv_transposed_2d_square_input_square_kernel,no,,no,"NCHW/NCDHW, C matches init",conv,convolution,medium,partial,fp16/bf16/fp32; cuDNN must support dtype
level1/58_conv_transposed_3d_asymmetric_input_asymmetric_kernel,no,,no,"NCHW/NCDHW, C matches init",conv,convolution,medium,partial,fp16/bf16/fp32; cuDNN must support dtype
level1/59_conv_standard_3d_asymmetric_input_square_kernel,no,,no,"NCHW/NCDHW, C matches init",conv,convolution,medium,partial,fp16/bf16/fp32; cuDNN must support dtype
level1/5_matrix_scalar_multiplication,no,,yes,"any shape, broadcastable",elementwise,arithmetic,easy,yes,any float (fp16/bf16/fp32/fp64)
level1/60_conv_standard_3d_square_input_asymmetric_kernel,no,,no,"NCHW/NCDHW, C matches init",conv,convolution,medium,partial,fp16/bf16/fp32; cuDNN must support dtype
level1/61_conv_transposed_3d_square_input_square_kernel,no,,no,"NCHW/NCDHW, C matches init",conv,convolution,medium,partial,fp16/bf16/fp32; cuDNN must support dtype
level1/62_conv_standard_2d_square_input_asymmetric_kernel,no,,no,"NCHW/NCDHW, C matches init",conv,convolution,medium,partial,fp16/bf16/fp32; cuDNN must support dtype
level1/63_conv_standard_2d_square_input_square_kernel,no,,no,"NCHW/NCDHW, C matches init",conv,convolution,medium,partial,fp16/bf16/fp32; cuDNN must support dtype
level1/64_conv_transposed_1d,no,,no,"NCHW/NCDHW, C matches init",conv,convolution,medium,partial,fp16/bf16/fp32; cuDNN must support dtype
level1/65_conv_transposed_2d_square_input_asymmetric_kernel,no,,no,"NCHW/NCDHW, C matches init",conv,convolution,medium,partial,fp16/bf16/fp32; cuDNN must support dtype
level1/66_conv_standard_3d_asymmetric_input_asymmetric_kernel,no,,no,"NCHW/NCDHW, C matches init",conv,convolution,medium,partial,fp16/bf16/fp32; cuDNN must support dtype
level1/67_conv_standard_1d,no,,no,"NCHW/NCDHW, C matches init",conv,convolution,medium,partial,fp16/bf16/fp32; cuDNN must support dtype
level1/68_conv_transposed_3d_square_input_asymmetric_kernel,no,,no,"NCHW/NCDHW, C matches init",conv,convolution,medium,partial,fp16/bf16/fp32; cuDNN must support dtype
level1/69_conv_transposed_2d_asymmetric_input_asymmetric_kernel,no,,no,"NCHW/NCDHW, C matches init",conv,convolution,medium,partial,fp16/bf16/fp32; cuDNN must support dtype
level1/6_matmul_with_large_k_dimension,no,,yes,2D+ with matching inner dim,matmul,linear_algebra,easy,yes,any float (fp16/bf16/fp32/fp64)
level1/70_conv_transposed_3d_asymmetric_input_square_kernel,no,,no,"NCHW/NCDHW, C matches init",conv,convolution,medium,partial,fp16/bf16/fp32; cuDNN must support dtype
level1/71_conv_transposed_2d_asymmetric_input_square_kernel,no,,no,"NCHW/NCDHW, C matches init",conv,convolution,medium,partial,fp16/bf16/fp32; cuDNN must support dtype
level1/72_conv_transposed_3d_asymmetric_input_asymmetric_kernel_strided_padded_grouped,no,,no,"NCHW/NCDHW, C matches init",conv,convolution,medium,partial,fp16/bf16/fp32; cuDNN must support dtype
level1/73_conv_transposed_3d_asymmetric_input_square_kernel_strided_padded_grouped,no,,no,"NCHW/NCDHW, C matches init",conv,convolution,medium,partial,fp16/bf16/fp32; cuDNN must support dtype
level1/74_conv_transposed_1d_dilated,no,,no,"NCHW/NCDHW, C matches init",conv,convolution,medium,partial,fp16/bf16/fp32; cuDNN must support dtype
level1/75_conv_transposed_2d_asymmetric_input_asymmetric_kernel_strided_grouped_padded_dilated,no,,no,"NCHW/NCDHW, C matches init",conv,convolution,medium,partial,fp16/bf16/fp32; cuDNN must support dtype
level1/76_conv_standard_1d_dilated_strided,no,,no,"NCHW/NCDHW, C matches init",conv,convolution,medium,partial,fp16/bf16/fp32; cuDNN must support dtype
level1/77_conv_transposed_3d_square_input_square_kernel_padded_dilated_strided,no,,no,"NCHW/NCDHW, C matches init",conv,convolution,medium,partial,fp16/bf16/fp32; cuDNN must support dtype
level1/78_conv_transposed_2d_asymmetric_input_asymmetric_kernel_padded,no,,no,"NCHW/NCDHW, C matches init",conv,convolution,medium,partial,fp16/bf16/fp32; cuDNN must support dtype
level1/79_conv_transposed_1d_asymmetric_input_square_kernel_padded_strided_dilated,no,,no,"NCHW/NCDHW, C matches init",conv,convolution,medium,partial,fp16/bf16/fp32; cuDNN must support dtype
level1/7_matmul_with_small_k_dimension,no,,yes,2D+ with matching inner dim,matmul,linear_algebra,easy,yes,any float (fp16/bf16/fp32/fp64)
level1/80_conv_standard_2d_square_input_asymmetric_kernel_dilated_padded,no,,no,"NCHW/NCDHW, C matches init",conv,convolution,medium,partial,fp16/bf16/fp32; cuDNN must support dtype
level1/81_conv_transposed_2d_asymmetric_input_square_kernel_dilated_padded_strided,no,,no,"NCHW/NCDHW, C matches init",conv,convolution,medium,partial,fp16/bf16/fp32; cuDNN must support dtype
level1/82_conv_depthwise_2d_square_input_square_kernel,no,,no,"NCHW/NCDHW, C matches init",conv,convolution,medium,partial,fp16/bf16/fp32; cuDNN must support dtype
level1/83_conv_depthwise_2d_square_input_asymmetric_kernel,no,,no,"NCHW/NCDHW, C matches init",conv,convolution,medium,partial,fp16/bf16/fp32; cuDNN must support dtype
level1/84_conv_depthwise_2d_asymmetric_input_square_kernel,no,,no,"NCHW/NCDHW, C matches init",conv,convolution,medium,partial,fp16/bf16/fp32; cuDNN must support dtype
level1/85_conv_depthwise_2d_asymmetric_input_asymmetric_kernel,no,,no,"NCHW/NCDHW, C matches init",conv,convolution,medium,partial,fp16/bf16/fp32; cuDNN must support dtype
level1/86_conv_depthwise_separable_2d,no,,no,"NCHW/NCDHW, C matches init",conv,convolution,medium,partial,fp16/bf16/fp32; cuDNN must support dtype
level1/87_conv_pointwise_2d,no,,no,"NCHW/NCDHW, C matches init",conv,convolution,medium,partial,fp16/bf16/fp32; cuDNN must support dtype
level1/88_mingptnewgelu,no,,yes,any shape float tensor,activation,nonlinearity,easy,yes,any float (fp16/bf16/fp32/fp64)
level1/89_cumsum,no,,yes,"any shape, configurable dim",cumulative,scan,easy,yes,any float (fp16/bf16/fp32/fp64)
level1/8_matmul_with_irregular_shapes,no,,yes,2D+ with matching inner dim,matmul,linear_algebra,easy,yes,any float (fp16/bf16/fp32/fp64)
level1/90_cumprod,no,,yes,"any shape, configurable dim",cumulative,scan,easy,yes,any float (fp16/bf16/fp32/fp64)
level1/91_cumsum_reverse,no,,yes,"any shape, configurable dim",cumulative,scan,easy,yes,any float (fp16/bf16/fp32/fp64)
level1/92_cumsum_exclusive,no,,yes,"any shape, configurable dim",cumulative,scan,easy,yes,any float (fp16/bf16/fp32/fp64)
level1/93_masked_cumsum,no,,yes,"any shape, configurable dim",cumulative,scan,easy,yes,any float (fp16/bf16/fp32/fp64)
level1/94_mseloss,no,,yes,matching prediction/target pair,loss,objective,medium,partial,float only; some require fp32 for stability
level1/95_crossentropyloss,no,,yes,matching prediction/target pair,loss,objective,medium,partial,float only; some require fp32 for stability
level1/96_huberloss,no,,yes,matching prediction/target pair,loss,objective,medium,partial,float only; some require fp32 for stability
level1/97_scaleddotproductattention,no,,no,"4D (B,H,S,D)",attention,sequence,hard,partial,fp16/bf16/fp32; fp64 unsupported by SDPA
level1/98_kldivloss,no,,yes,matching prediction/target pair,loss,objective,medium,partial,float only; some require fp32 for stability
level1/99_tripletmarginloss,no,,yes,matching prediction/target pair,loss,objective,medium,partial,float only; some require fp32 for stability
level1/9_tall_skinny_matrix_multiplication,no,,yes,2D+ with matching inner dim,matmul,linear_algebra,easy,yes,any float (fp16/bf16/fp32/fp64)
level2/100_convtranspose3d_clamp_min_divide,no,,no,"NCHW/NCDHW, C matches init",fused_convtranspose,fused_convolution,medium,partial,fp16/bf16/fp32; BatchNorm needs fp32 stats
level2/10_convtranspose2d_maxpool_hardtanh_mean_tanh,no,,no,"NCHW/NCDHW, C matches init",fused_convtranspose,fused_convolution,medium,partial,fp16/bf16/fp32; BatchNorm needs fp32 stats
level2/11_convtranspose2d_batchnorm_tanh_maxpool_groupnorm,no,,no,"NCHW/NCDHW, C matches init",fused_convtranspose,fused_convolution,medium,partial,fp16/bf16/fp32; BatchNorm needs fp32 stats
level2/12_gemm_multiply_leakyrelu,no,,no,"2D, in_features matches init",fused_gemm,fused_linear,medium,partial,fp16/bf16/fp32; BatchNorm/GroupNorm may need fp32
level2/13_convtranspose3d_mean_add_softmax_tanh_scaling,no,,no,"NCHW/NCDHW, C matches init",fused_convtranspose,fused_convolution,medium,partial,fp16/bf16/fp32; BatchNorm needs fp32 stats
level2/14_gemm_divide_sum_scaling,no,,yes,2D+ with matching inner dim,fused_matmul,fused_linear,medium,yes,any float (fp16/bf16/fp32/fp64)
level2/15_convtranspose3d_batchnorm_subtract,no,,no,"NCHW/NCDHW, C matches init",fused_convtranspose,fused_convolution,medium,partial,fp16/bf16/fp32; BatchNorm needs fp32 stats
level2/16_convtranspose2d_mish_add_hardtanh_scaling,no,,no,"NCHW/NCDHW, C matches init",fused_convtranspose,fused_convolution,medium,partial,fp16/bf16/fp32; BatchNorm needs fp32 stats
level2/17_conv2d_instancenorm_divide,no,,no,"NCHW/NCDHW, C matches init",fused_conv,fused_convolution,medium,partial,fp16/bf16/fp32; BatchNorm needs fp32 stats
level2/18_matmul_sum_max_avgpool_logsumexp_logsumexp,no,,no,"2D, in_features matches init",fused_gemm,fused_linear,medium,partial,fp16/bf16/fp32; BatchNorm/GroupNorm may need fp32
level2/19_convtranspose2d_gelu_groupnorm,no,,no,"NCHW/NCDHW, C matches init",fused_convtranspose,fused_convolution,medium,partial,fp16/bf16/fp32; BatchNorm needs fp32 stats
level2/1_conv2d_relu_biasadd,no,,no,"NCHW/NCDHW, C matches init",fused_conv,fused_convolution,medium,partial,fp16/bf16/fp32; BatchNorm needs fp32 stats
level2/20_convtranspose3d_sum_residualadd_multiply_residualadd,no,,no,"NCHW/NCDHW, C matches init",fused_convtranspose,fused_convolution,medium,partial,fp16/bf16/fp32; BatchNorm needs fp32 stats
level2/21_conv2d_add_scale_sigmoid_groupnorm,no,,no,"NCHW/NCDHW, C matches init",fused_conv,fused_convolution,medium,partial,fp16/bf16/fp32; BatchNorm needs fp32 stats
level2/22_matmul_scale_residualadd_clamp_logsumexp_mish,no,,yes,2D+ with matching inner dim,fused_matmul,fused_linear,medium,yes,any float (fp16/bf16/fp32/fp64)
level2/23_conv3d_groupnorm_mean,no,,no,"NCHW/NCDHW, C matches init",fused_conv,fused_convolution,medium,partial,fp16/bf16/fp32; BatchNorm needs fp32 stats
level2/24_conv3d_min_softmax,no,,no,"NCHW/NCDHW, C matches init",fused_conv,fused_convolution,medium,partial,fp16/bf16/fp32; BatchNorm needs fp32 stats
level2/25_conv2d_min_tanh_tanh,no,,no,"NCHW/NCDHW, C matches init",fused_conv,fused_convolution,medium,partial,fp16/bf16/fp32; BatchNorm needs fp32 stats
level2/26_convtranspose3d_add_hardswish,no,,no,"NCHW/NCDHW, C matches init",fused_convtranspose,fused_convolution,medium,partial,fp16/bf16/fp32; BatchNorm needs fp32 stats
level2/27_conv3d_hardswish_groupnorm_mean,no,,no,"NCHW/NCDHW, C matches init",fused_conv,fused_convolution,medium,partial,fp16/bf16/fp32; BatchNorm needs fp32 stats
level2/28_bmm_instancenorm_sum_residualadd_multiply,no,,no,"2D, in_features matches init",fused_gemm,fused_linear,medium,partial,fp16/bf16/fp32; BatchNorm/GroupNorm may need fp32
level2/29_matmul_mish_mish,no,,no,"2D, in_features matches init",fused_gemm,fused_linear,medium,partial,fp16/bf16/fp32; BatchNorm/GroupNorm may need fp32
level2/2_convtranspose2d_biasadd_clamp_scaling_clamp_divide,no,,no,"NCHW/NCDHW, C matches init",fused_convtranspose,fused_convolution,medium,partial,fp16/bf16/fp32; BatchNorm needs fp32 stats
level2/30_gemm_groupnorm_hardtanh,no,,no,"2D, in_features matches init",fused_gemm,fused_linear,medium,partial,fp16/bf16/fp32; BatchNorm/GroupNorm may need fp32
level2/31_conv2d_min_add_multiply,no,,no,"NCHW/NCDHW, C matches init",fused_conv,fused_convolution,medium,partial,fp16/bf16/fp32; BatchNorm needs fp32 stats
level2/32_conv2d_scaling_min,no,,no,"NCHW/NCDHW, C matches init",fused_conv,fused_convolution,medium,partial,fp16/bf16/fp32; BatchNorm needs fp32 stats
level2/33_gemm_scale_batchnorm,no,,no,"2D, in_features matches init",fused_gemm,fused_linear,medium,partial,fp16/bf16/fp32; BatchNorm/GroupNorm may need fp32
level2/34_convtranspose3d_layernorm_gelu_scaling,no,,no,"NCHW/NCDHW, C matches init",fused_convtranspose,fused_convolution,medium,partial,fp16/bf16/fp32; BatchNorm needs fp32 stats
level2/35_conv2d_subtract_hardswish_maxpool_mish,no,,no,"NCHW/NCDHW, C matches init",fused_conv,fused_convolution,medium,partial,fp16/bf16/fp32; BatchNorm needs fp32 stats
level2/36_convtranspose2d_min_sum_gelu_add,no,,no,"NCHW/NCDHW, C matches init",fused_convtranspose,fused_convolution,medium,partial,fp16/bf16/fp32; BatchNorm needs fp32 stats
level2/37_matmul_swish_sum_groupnorm,no,,yes,2D+ with matching inner dim,fused_matmul,fused_linear,medium,yes,any float (fp16/bf16/fp32/fp64)
level2/38_convtranspose3d_avgpool_clamp_softmax_multiply,no,,no,"NCHW/NCDHW, C matches init",fused_convtranspose,fused_convolution,medium,partial,fp16/bf16/fp32; BatchNorm needs fp32 stats
level2/3_convtranspose3d_sum_layernorm_avgpool_gelu,no,,no,"NCHW/NCDHW, C matches init",fused_convtranspose,fused_convolution,medium,partial,fp16/bf16/fp32; BatchNorm needs fp32 stats
level2/40_matmul_scaling_residualadd,no,,yes,2D+ with matching inner dim,fused_matmul,fused_linear,medium,yes,any float (fp16/bf16/fp32/fp64)
level2/41_gemm_batchnorm_gelu_relu,no,,no,"2D, in_features matches init",fused_gemm,fused_linear,medium,partial,fp16/bf16/fp32; BatchNorm/GroupNorm may need fp32
level2/42_convtranspose2d_globalavgpool_biasadd_logsumexp_sum_multiply,no,,no,"NCHW/NCDHW, C matches init",fused_convtranspose,fused_convolution,medium,partial,fp16/bf16/fp32; BatchNorm needs fp32 stats
level2/43_conv3d_max_logsumexp_relu,no,,no,"NCHW/NCDHW, C matches init",fused_conv,fused_convolution,medium,partial,fp16/bf16/fp32; BatchNorm needs fp32 stats
level2/44_convtranspose2d_multiply_globalavgpool_globalavgpool_mean,no,,no,"NCHW/NCDHW, C matches init",fused_convtranspose,fused_convolution,medium,partial,fp16/bf16/fp32; BatchNorm needs fp32 stats
level2/45_gemm_sigmoid_logsumexp,no,,no,"2D, in_features matches init",fused_gemm,fused_linear,medium,partial,fp16/bf16/fp32; BatchNorm/GroupNorm may need fp32
level2/46_conv2d_subtract_tanh_subtract_avgpool,no,,no,"NCHW/NCDHW, C matches init",fused_conv,fused_convolution,medium,partial,fp16/bf16/fp32; BatchNorm needs fp32 stats
level2/47_conv3d_mish_tanh,no,,no,"NCHW/NCDHW, C matches init",fused_conv,fused_convolution,medium,partial,fp16/bf16/fp32; BatchNorm needs fp32 stats
level2/48_conv3d_scaling_tanh_multiply_sigmoid,no,,no,"NCHW/NCDHW, C matches init",fused_conv,fused_convolution,medium,partial,fp16/bf16/fp32; BatchNorm needs fp32 stats
level2/49_convtranspose3d_softmax_sigmoid,no,,no,"NCHW/NCDHW, C matches init",fused_convtranspose,fused_convolution,medium,partial,fp16/bf16/fp32; BatchNorm needs fp32 stats
level2/4_conv2d_mish_mish,no,,no,"NCHW/NCDHW, C matches init",fused_conv,fused_convolution,medium,partial,fp16/bf16/fp32; BatchNorm needs fp32 stats
level2/50_convtranspose3d_scaling_avgpool_biasadd_scaling,no,,no,"NCHW/NCDHW, C matches init",fused_convtranspose,fused_convolution,medium,partial,fp16/bf16/fp32; BatchNorm needs fp32 stats
level2/51_gemm_subtract_globalavgpool_logsumexp_gelu_residualadd,no,,no,"2D, in_features matches init",fused_gemm,fused_linear,medium,partial,fp16/bf16/fp32; BatchNorm/GroupNorm may need fp32
level2/52_conv2d_activation_batchnorm,no,,no,"NCHW/NCDHW, C matches init",fused_conv,fused_convolution,medium,partial,fp16/bf16/fp32; BatchNorm needs fp32 stats
level2/53_gemm_scaling_hardtanh_gelu,no,,no,"2D, in_features matches init",fused_gemm,fused_linear,medium,partial,fp16/bf16/fp32; BatchNorm/GroupNorm may need fp32
level2/54_conv2d_multiply_leakyrelu_gelu,no,,no,"NCHW/NCDHW, C matches init",fused_conv,fused_convolution,medium,partial,fp16/bf16/fp32; BatchNorm needs fp32 stats
level2/55_matmul_maxpool_sum_scale,no,,yes,2D+ with matching inner dim,fused_matmul,fused_linear,medium,yes,any float (fp16/bf16/fp32/fp64)
level2/56_matmul_sigmoid_sum,no,,no,"2D, in_features matches init",fused_gemm,fused_linear,medium,partial,fp16/bf16/fp32; BatchNorm/GroupNorm may need fp32
level2/57_conv2d_relu_hardswish,no,,no,"NCHW/NCDHW, C matches init",fused_conv,fused_convolution,medium,partial,fp16/bf16/fp32; BatchNorm needs fp32 stats
level2/58_convtranspose3d_logsumexp_hardswish_subtract_clamp,no,,no,"NCHW/NCDHW, C matches init",fused_convtranspose,fused_convolution,medium,partial,fp16/bf16/fp32; BatchNorm needs fp32 stats
level2/59_matmul_swish_scaling,no,,yes,2D+ with matching inner dim,fused_matmul,fused_linear,medium,yes,any float (fp16/bf16/fp32/fp64)
level2/5_convtranspose2d_subtract_tanh,no,,no,"NCHW/NCDHW, C matches init",fused_convtranspose,fused_convolution,medium,partial,fp16/bf16/fp32; BatchNorm needs fp32 stats
level2/60_convtranspose3d_swish_groupnorm_hardswish,no,,no,"NCHW/NCDHW, C matches init",fused_convtranspose,fused_convolution,medium,partial,fp16/bf16/fp32; BatchNorm needs fp32 stats
level2/61_convtranspose3d_relu_groupnorm,no,,no,"NCHW/NCDHW, C matches init",fused_convtranspose,fused_convolution,medium,partial,fp16/bf16/fp32; BatchNorm needs fp32 stats
level2/62_matmul_groupnorm_leakyrelu_sum,no,,no,"2D, in_features matches init",fused_gemm,fused_linear,medium,partial,fp16/bf16/fp32; BatchNorm/GroupNorm may need fp32
level2/63_gemm_relu_divide,no,,no,"2D, in_features matches init",fused_gemm,fused_linear,medium,partial,fp16/bf16/fp32; BatchNorm/GroupNorm may need fp32
level2/64_gemm_logsumexp_leakyrelu_leakyrelu_gelu_gelu,no,,no,"2D, in_features matches init",fused_gemm,fused_linear,medium,partial,fp16/bf16/fp32; BatchNorm/GroupNorm may need fp32
level2/65_conv2d_avgpool_sigmoid_sum,no,,no,"NCHW/NCDHW, C matches init",fused_conv,fused_convolution,medium,partial,fp16/bf16/fp32; BatchNorm needs fp32 stats
level2/66_matmul_dropout_softmax,no,,yes,2D+ with matching inner dim,fused_matmul,fused_linear,medium,yes,any float (fp16/bf16/fp32/fp64)
level2/67_conv2d_gelu_globalavgpool,no,,no,"NCHW/NCDHW, C matches init",fused_conv,fused_convolution,medium,partial,fp16/bf16/fp32; BatchNorm needs fp32 stats
level2/68_matmul_min_subtract,no,,no,"2D, in_features matches init",fused_gemm,fused_linear,medium,partial,fp16/bf16/fp32; BatchNorm/GroupNorm may need fp32
level2/69_conv2d_hardswish_relu,no,,no,"NCHW/NCDHW, C matches init",fused_conv,fused_convolution,medium,partial,fp16/bf16/fp32; BatchNorm needs fp32 stats
level2/6_conv3d_softmax_maxpool_maxpool,no,,no,"NCHW/NCDHW, C matches init",fused_conv,fused_convolution,medium,partial,fp16/bf16/fp32; BatchNorm needs fp32 stats
level2/70_gemm_sigmoid_scaling_residualadd,no,,no,"2D, in_features matches init",fused_gemm,fused_linear,medium,partial,fp16/bf16/fp32; BatchNorm/GroupNorm may need fp32
level2/71_conv2d_divide_leakyrelu,no,,no,"NCHW/NCDHW, C matches init",fused_conv,fused_convolution,medium,partial,fp16/bf16/fp32; BatchNorm needs fp32 stats
level2/72_convtranspose3d_batchnorm_avgpool_avgpool,no,,no,"NCHW/NCDHW, C matches init",fused_convtranspose,fused_convolution,medium,partial,fp16/bf16/fp32; BatchNorm needs fp32 stats
level2/73_conv2d_batchnorm_scaling,no,,no,"NCHW/NCDHW, C matches init",fused_conv,fused_convolution,medium,partial,fp16/bf16/fp32; BatchNorm needs fp32 stats
level2/74_convtranspose3d_leakyrelu_multiply_leakyrelu_max,no,,no,"NCHW/NCDHW, C matches init",fused_convtranspose,fused_convolution,medium,partial,fp16/bf16/fp32; BatchNorm needs fp32 stats
level2/75_gemm_groupnorm_min_biasadd,no,,no,"2D, in_features matches init",fused_gemm,fused_linear,medium,partial,fp16/bf16/fp32; BatchNorm/GroupNorm may need fp32
level2/76_gemm_add_relu,no,,no,"2D, in_features matches init",fused_gemm,fused_linear,medium,partial,fp16/bf16/fp32; BatchNorm/GroupNorm may need fp32
level2/77_convtranspose3d_scale_batchnorm_globalavgpool,no,,no,"NCHW/NCDHW, C matches init",fused_convtranspose,fused_convolution,medium,partial,fp16/bf16/fp32; BatchNorm needs fp32 stats
level2/78_convtranspose3d_max_max_sum,no,,no,"NCHW/NCDHW, C matches init",fused_convtranspose,fused_convolution,medium,partial,fp16/bf16/fp32; BatchNorm needs fp32 stats
level2/79_conv3d_multiply_instancenorm_clamp_multiply_max,no,,no,"NCHW/NCDHW, C matches init",fused_conv,fused_convolution,medium,partial,fp16/bf16/fp32; BatchNorm needs fp32 stats
level2/7_conv3d_relu_leakyrelu_gelu_sigmoid_biasadd,no,,no,"NCHW/NCDHW, C matches init",fused_conv,fused_convolution,medium,partial,fp16/bf16/fp32; BatchNorm needs fp32 stats
level2/80_gemm_max_subtract_gelu,no,,no,"2D, in_features matches init",fused_gemm,fused_linear,medium,partial,fp16/bf16/fp32; BatchNorm/GroupNorm may need fp32
level2/81_gemm_swish_divide_clamp_tanh_clamp,no,,no,"2D, in_features matches init",fused_gemm,fused_linear,medium,partial,fp16/bf16/fp32; BatchNorm/GroupNorm may need fp32
level2/82_conv2d_tanh_scaling_biasadd_max,no,,no,"NCHW/NCDHW, C matches init",fused_conv,fused_convolution,medium,partial,fp16/bf16/fp32; BatchNorm needs fp32 stats
level2/83_conv3d_groupnorm_min_clamp_dropout,no,,no,"NCHW/NCDHW, C matches init",fused_conv,fused_convolution,medium,partial,fp16/bf16/fp32; BatchNorm needs fp32 stats
level2/84_gemm_batchnorm_scaling_softmax,no,,no,"2D, in_features matches init",fused_gemm,fused_linear,medium,partial,fp16/bf16/fp32; BatchNorm/GroupNorm may need fp32
level2/85_conv2d_groupnorm_scale_maxpool_clamp,no,,no,"NCHW/NCDHW, C matches init",fused_conv,fused_convolution,medium,partial,fp16/bf16/fp32; BatchNorm needs fp32 stats
level2/86_matmul_divide_gelu,no,,no,"2D, in_features matches init",fused_gemm,fused_linear,medium,partial,fp16/bf16/fp32; BatchNorm/GroupNorm may need fp32
level2/87_conv2d_subtract_subtract_mish,no,,no,"NCHW/NCDHW, C matches init",fused_conv,fused_convolution,medium,partial,fp16/bf16/fp32; BatchNorm needs fp32 stats
level2/88_gemm_groupnorm_swish_multiply_swish,no,,no,"2D, in_features matches init",fused_gemm,fused_linear,medium,partial,fp16/bf16/fp32; BatchNorm/GroupNorm may need fp32
level2/89_convtranspose3d_maxpool_softmax_subtract_swish_max,no,,no,"NCHW/NCDHW, C matches init",fused_convtranspose,fused_convolution,medium,partial,fp16/bf16/fp32; BatchNorm needs fp32 stats
level2/8_conv3d_divide_max_globalavgpool_biasadd_sum,no,,no,"NCHW/NCDHW, C matches init",fused_conv,fused_convolution,medium,partial,fp16/bf16/fp32; BatchNorm needs fp32 stats
level2/90_conv3d_leakyrelu_sum_clamp_gelu,no,,no,"NCHW/NCDHW, C matches init",fused_conv,fused_convolution,medium,partial,fp16/bf16/fp32; BatchNorm needs fp32 stats
level2/91_convtranspose2d_softmax_biasadd_scaling_sigmoid,no,,no,"NCHW/NCDHW, C matches init",fused_convtranspose,fused_convolution,medium,partial,fp16/bf16/fp32; BatchNorm needs fp32 stats
level2/92_conv2d_groupnorm_tanh_hardswish_residualadd_logsumexp,no,,no,"NCHW/NCDHW, C matches init",fused_conv,fused_convolution,medium,partial,fp16/bf16/fp32; BatchNorm needs fp32 stats
level2/93_convtranspose2d_add_min_gelu_multiply,no,,no,"NCHW/NCDHW, C matches init",fused_convtranspose,fused_convolution,medium,partial,fp16/bf16/fp32; BatchNorm needs fp32 stats
level2/94_gemm_biasadd_hardtanh_mish_groupnorm,no,,no,"2D, in_features matches init",fused_gemm,fused_linear,medium,partial,fp16/bf16/fp32; BatchNorm/GroupNorm may need fp32
level2/95_matmul_add_swish_tanh_gelu_hardtanh,no,,yes,2D+ with matching inner dim,fused_matmul,fused_linear,medium,yes,any float (fp16/bf16/fp32/fp64)
level2/96_convtranspose3d_multiply_max_globalavgpool_clamp,no,,no,"NCHW/NCDHW, C matches init",fused_convtranspose,fused_convolution,medium,partial,fp16/bf16/fp32; BatchNorm needs fp32 stats
level2/97_matmul_batchnorm_biasadd_divide_swish,no,,yes,2D+ with matching inner dim,fused_matmul,fused_linear,medium,yes,any float (fp16/bf16/fp32/fp64)
level2/98_matmul_avgpool_gelu_scale_max,no,,yes,2D+ with matching inner dim,fused_matmul,fused_linear,medium,yes,any float (fp16/bf16/fp32/fp64)
level2/99_matmul_gelu_softmax,no,,no,"2D, in_features matches init",fused_gemm,fused_linear,medium,partial,fp16/bf16/fp32; BatchNorm/GroupNorm may need fp32
level2/9_matmul_subtract_multiply_relu,no,,no,"2D, in_features matches init",fused_gemm,fused_linear,medium,partial,fp16/bf16/fp32; BatchNorm/GroupNorm may need fp32
level3/10_resnet101,yes,ResNet-101,no,"(B,3,224,224) NCHW",model_cnn,vision_model,hard,partial,fp16/bf16/fp32; BatchNorm needs fp32 running stats
level3/11_vgg16,yes,VGG-16,no,"(B,3,224,224) NCHW",model_cnn,vision_model,hard,partial,fp16/bf16/fp32; BatchNorm needs fp32 running stats
level3/12_vgg19,yes,VGG-19,no,"(B,3,224,224) NCHW",model_cnn,vision_model,hard,partial,fp16/bf16/fp32; BatchNorm needs fp32 running stats
level3/13_densenet121transitionlayer,yes,densenet121transitionlayer,no,"(B,3,224,224) NCHW",model_cnn,vision_model,hard,partial,fp16/bf16/fp32; BatchNorm needs fp32 running stats
level3/14_densenet121denseblock,yes,densenet121denseblock,no,"(B,3,224,224) NCHW",model_cnn,vision_model,hard,partial,fp16/bf16/fp32; BatchNorm needs fp32 running stats
level3/15_densenet121,yes,densenet121,no,"(B,3,224,224) NCHW",model_cnn,vision_model,hard,partial,fp16/bf16/fp32; BatchNorm needs fp32 running stats
level3/16_densenet201,yes,densenet201,no,"(B,3,224,224) NCHW",model_cnn,vision_model,hard,partial,fp16/bf16/fp32; BatchNorm needs fp32 running stats
level3/17_squeezenetfiremodule,yes,squeezenetfiremodule,no,"(B,3,224,224) NCHW",model_cnn,vision_model,hard,partial,fp16/bf16/fp32; BatchNorm needs fp32 running stats
level3/18_squeezenet,yes,squeezenet,no,"(B,3,224,224) NCHW",model_cnn,vision_model,hard,partial,fp16/bf16/fp32; BatchNorm needs fp32 running stats
level3/19_mobilenetv1,yes,mobilenetv1,no,"(B,3,224,224) NCHW",model_cnn,vision_model,hard,partial,fp16/bf16/fp32; BatchNorm needs fp32 running stats
level3/1_mlp,yes,mlp,no,model-specific fixed shape,model_other,other_model,hard,partial,fp16/bf16/fp32; depends on internal ops
level3/20_mobilenetv2,yes,mobilenetv2,no,"(B,3,224,224) NCHW",model_cnn,vision_model,hard,partial,fp16/bf16/fp32; BatchNorm needs fp32 running stats
level3/21_efficientnetmbconv,yes,efficientnetmbconv,no,"(B,3,224,224) NCHW",model_cnn,vision_model,hard,partial,fp16/bf16/fp32; BatchNorm needs fp32 running stats
level3/22_efficientnetb0,yes,efficientnetb0,no,"(B,3,224,224) NCHW",model_cnn,vision_model,hard,partial,fp16/bf16/fp32; BatchNorm needs fp32 running stats
level3/23_efficientnetb1,yes,efficientnetb1,no,"(B,3,224,224) NCHW",model_cnn,vision_model,hard,partial,fp16/bf16/fp32; BatchNorm needs fp32 running stats
level3/24_efficientnetb2,yes,efficientnetb2,no,"(B,3,224,224) NCHW",model_cnn,vision_model,hard,partial,fp16/bf16/fp32; BatchNorm needs fp32 running stats
level3/25_shufflenetunit,yes,shufflenetunit,no,"(B,3,224,224) NCHW",model_cnn,vision_model,hard,partial,fp16/bf16/fp32; BatchNorm needs fp32 running stats
level3/26_shufflenet,yes,shufflenet,no,"(B,3,224,224) NCHW",model_cnn,vision_model,hard,partial,fp16/bf16/fp32; BatchNorm needs fp32 running stats
level3/27_regnet,yes,regnet,no,"(B,3,224,224) NCHW",model_cnn,vision_model,hard,partial,fp16/bf16/fp32; BatchNorm needs fp32 running stats
level3/28_visiontransformer,yes,ViT,no,model-specific fixed shape,model_transformer,transformer_model,hard,partial,fp16/bf16/fp32; fp64 unsupported by SDPA
level3/29_swinmlp,yes,swinmlp,no,model-specific fixed shape,model_transformer,transformer_model,hard,partial,fp16/bf16/fp32; fp64 unsupported by SDPA
level3/2_shallowwidemlp,yes,shallowwidemlp,no,model-specific fixed shape,model_other,other_model,hard,partial,fp16/bf16/fp32; depends on internal ops
level3/30_swintransformerv2,yes,Swin-V2,no,model-specific fixed shape,model_transformer,transformer_model,hard,partial,fp16/bf16/fp32; fp64 unsupported by SDPA
level3/31_visionattention,yes,visionattention,no,model-specific fixed shape,model_transformer,transformer_model,hard,partial,fp16/bf16/fp32; fp64 unsupported by SDPA
level3/32_convolutionalvisiontransformer,yes,convolutionalvisiontransformer,no,model-specific fixed shape,model_transformer,transformer_model,hard,partial,fp16/bf16/fp32; fp64 unsupported by SDPA
level3/33_vanillarnn,yes,vanillarnn,no,"(B,seq_len,input_size)",model_rnn,sequence_model,hard,partial,fp16/bf16/fp32; cuDNN RNN needs matching dtype
level3/34_vanillarnnhidden,yes,vanillarnnhidden,no,"(B,seq_len,input_size)",model_rnn,sequence_model,hard,partial,fp16/bf16/fp32; cuDNN RNN needs matching dtype
level3/35_lstm,yes,lstm,no,"(B,seq_len,input_size)",model_rnn,sequence_model,hard,partial,fp16/bf16/fp32; cuDNN RNN needs matching dtype
level3/36_lstmhn,yes,lstmhn,no,"(B,seq_len,input_size)",model_rnn,sequence_model,hard,partial,fp16/bf16/fp32; cuDNN RNN needs matching dtype
level3/37_lstmcn,yes,lstmcn,no,"(B,seq_len,input_size)",model_rnn,sequence_model,hard,partial,fp16/bf16/fp32; cuDNN RNN needs matching dtype
level3/38_lstmbidirectional,yes,lstmbidirectional,no,"(B,seq_len,input_size)",model_rnn,sequence_model,hard,partial,fp16/bf16/fp32; cuDNN RNN needs matching dtype
level3/39_gru,yes,gru,no,"(B,seq_len,input_size)",model_rnn,sequence_model,hard,partial,fp16/bf16/fp32; cuDNN RNN needs matching dtype
level3/3_deepnarrowmlp,yes,deepnarrowmlp,no,model-specific fixed shape,model_other,other_model,hard,partial,fp16/bf16/fp32; depends on internal ops
level3/40_gruhidden,yes,gruhidden,no,"(B,seq_len,input_size)",model_rnn,sequence_model,hard,partial,fp16/bf16/fp32; cuDNN RNN needs matching dtype
level3/41_grubidirectional,yes,grubidirectional,no,"(B,seq_len,input_size)",model_rnn,sequence_model,hard,partial,fp16/bf16/fp32; cuDNN RNN needs matching dtype
level3/42_grubidirectionalhidden,yes,grubidirectionalhidden,no,"(B,seq_len,input_size)",model_rnn,sequence_model,hard,partial,fp16/bf16/fp32; cuDNN RNN needs matching dtype
level3/43_mingptcausalattention,yes,mingptcausalattention,no,model-specific fixed shape,model_transformer,transformer_model,hard,partial,fp16/bf16/fp32; fp64 unsupported by SDPA
level3/44_minigptblock,yes,minigptblock,no,model-specific fixed shape,model_transformer,transformer_model,hard,partial,fp16/bf16/fp32; fp64 unsupported by SDPA
level3/45_unetsoftmax,yes,unetsoftmax,no,"(B,3,224,224) NCHW",model_cnn,vision_model,hard,partial,fp16/bf16/fp32; BatchNorm needs fp32 running stats
level3/46_netvladwithghostclusters,yes,netvladwithghostclusters,no,model-specific fixed shape,model_other,other_model,hard,partial,fp16/bf16/fp32; depends on internal ops
level3/47_netvladnoghostclusters,yes,netvladnoghostclusters,no,model-specific fixed shape,model_other,other_model,hard,partial,fp16/bf16/fp32; depends on internal ops
level3/48_mamba2returny,yes,mamba2returny,no,model-specific fixed shape,model_other,other_model,hard,partial,fp16/bf16/fp32; depends on internal ops
level3/49_mamba2returnfinalstate,yes,mamba2returnfinalstate,no,model-specific fixed shape,model_other,other_model,hard,partial,fp16/bf16/fp32; depends on internal ops
level3/4_lenet5,yes,lenet5,no,"(B,3,224,224) NCHW",model_cnn,vision_model,hard,partial,fp16/bf16/fp32; BatchNorm needs fp32 running stats
level3/50_reluselfattention,yes,reluselfattention,no,model-specific fixed shape,model_transformer,transformer_model,hard,partial,fp16/bf16/fp32; fp64 unsupported by SDPA
level3/51_resnet50,yes,ResNet-50,no,"(B,3,224,224) NCHW",model_cnn,vision_model,hard,partial,fp16/bf16/fp32; BatchNorm needs fp32 running stats
level3/52_convnext,yes,ConvNeXt-Tiny,no,"(B,3,224,224) NCHW",model_cnn,vision_model,hard,partial,fp16/bf16/fp32; BatchNorm needs fp32 running stats
level3/53_llama_decoder_block,yes,Llama-3-8B,no,model-specific fixed shape,model_transformer,transformer_model,hard,partial,fp16/bf16/fp32; fp64 unsupported by SDPA
level3/54_siglip_encoder,yes,SigLIP-Base,no,model-specific fixed shape,model_transformer,transformer_model,hard,partial,fp16/bf16/fp32; fp64 unsupported by SDPA
level3/55_mixtral_moe_block,yes,Mixtral-8x7B,no,model-specific fixed shape,model_transformer,transformer_model,hard,partial,fp16/bf16/fp32; fp64 unsupported by SDPA
level3/56_deepseek_v3_decoder_block,yes,DeepSeek-V3 (HF impl; simplified MLA),no,model-specific fixed shape,model_transformer,transformer_model,hard,partial,fp16/bf16/fp32; fp64 unsupported by SDPA
level3/57_qwen3_decoder_block,yes,Qwen3-8B,no,model-specific fixed shape,model_transformer,transformer_model,hard,partial,fp16/bf16/fp32; fp64 unsupported by SDPA
level3/58_qwen3_moe_decoder_block,yes,Qwen3-MoE,no,model-specific fixed shape,model_transformer,transformer_model,hard,partial,fp16/bf16/fp32; fp64 unsupported by SDPA
level3/59_llama4_decoder_block,yes,Llama-4,no,model-specific fixed shape,model_transformer,transformer_model,hard,partial,fp16/bf16/fp32; fp64 unsupported by SDPA
level3/5_alexnet,yes,alexnet,no,"(B,3,224,224) NCHW",model_cnn,vision_model,hard,partial,fp16/bf16/fp32; BatchNorm needs fp32 running stats
level3/6_googlenetinceptionmodule,yes,googlenetinceptionmodule,no,"(B,3,224,224) NCHW",model_cnn,vision_model,hard,partial,fp16/bf16/fp32; BatchNorm needs fp32 running stats
level3/7_googlenetinceptionv1,yes,googlenetinceptionv1,no,"(B,3,224,224) NCHW",model_cnn,vision_model,hard,partial,fp16/bf16/fp32; BatchNorm needs fp32 running stats
level3/8_resnetbasicblock,yes,resnetbasicblock,no,"(B,3,224,224) NCHW",model_cnn,vision_model,hard,partial,fp16/bf16/fp32; BatchNorm needs fp32 running stats
level3/9_resnet18,yes,ResNet-18,no,"(B,3,224,224) NCHW",model_cnn,vision_model,hard,partial,fp16/bf16/fp32; BatchNorm needs fp32 running stats
tritonbench/addmm,no,,yes,2D+ with matching inner dim,matmul,linear_algebra,easy,yes,any float (fp16/bf16/fp32/fp64)
tritonbench/bf16xint16_gemm,no,,no,specific dtype (fp8/int4/int8/bf16),quantization,precision,hard,no,"bf16 activations, int16 weights"
tritonbench/blackwell_attentions,no,,no,"4D (B,H,S,D)",attention,sequence,hard,partial,fp16/bf16/fp32; fp64 unsupported by SDPA
tritonbench/cross_entropy,no,,yes,matching prediction/target pair,loss,objective,medium,partial,float only; some require fp32 for stability
tritonbench/custom_shape_attentions,no,,no,"4D (B,H,S,D)",attention,sequence,hard,partial,fp16/bf16/fp32; fp64 unsupported by SDPA
tritonbench/decoding_attention,no,,no,"4D (B,H,S,D)",attention,sequence,hard,partial,fp16/bf16/fp32; fp64 unsupported by SDPA
tritonbench/embedding,no,,no,integer indices < vocab_size,embedding,lookup,medium,partial,weights: any float; indices: int64
tritonbench/flash_attention,no,,no,"4D (B,H,S,D)",attention,sequence,hard,partial,fp16/bf16/fp32; fp64 unsupported by SDPA
tritonbench/flex_attention,no,,no,"4D (B,H,S,D)",attention,sequence,hard,partial,fp16/bf16/fp32; fp64 unsupported by SDPA
tritonbench/fp32_to_mx4,no,,no,specific dtype (fp8/int4/int8/bf16),quantization,precision,hard,no,mx4 packed as uint8
tritonbench/fp8_attention,no,,no,"4D (B,H,S,D)",attention,sequence,hard,no,fp8 (float8_e4m3fn/e5m2)
tritonbench/fp8_fused_quant_gemm_rowwise,no,,no,specific dtype (fp8/int4/int8/bf16),quantization,precision,hard,no,fp8 (float8_e4m3fn/e5m2)
tritonbench/fp8_gemm,no,,no,specific dtype (fp8/int4/int8/bf16),quantization,precision,hard,no,fp8 (float8_e4m3fn/e5m2)
tritonbench/fp8_gemm_blockwise,no,,no,specific dtype (fp8/int4/int8/bf16),quantization,precision,hard,no,fp8 (float8_e4m3fn/e5m2)
tritonbench/fp8_gemm_rowwise,no,,no,specific dtype (fp8/int4/int8/bf16),quantization,precision,hard,no,fp8 (float8_e4m3fn/e5m2)
tritonbench/fp8_gemm_rowwise_grouped,no,,no,specific dtype (fp8/int4/int8/bf16),quantization,precision,hard,no,fp8 (float8_e4m3fn/e5m2)
tritonbench/fused_linear_cross_entropy,no,,yes,matching prediction/target pair,loss,objective,medium,partial,float only; some require fp32 for stability
tritonbench/fused_linear_jsd,no,,yes,matching prediction/target pair,loss,objective,medium,partial,float only; some require fp32 for stability
tritonbench/gather_gemv,no,,yes,2D+ with matching inner dim,matmul,linear_algebra,easy,yes,any float (fp16/bf16/fp32/fp64)
tritonbench/gdn_fwd_h,no,,no,kernel-specific,specialized,misc,hard,no,kernel-specific
tritonbench/gdpa,no,,no,"4D (B,H,S,D)",attention,sequence,hard,partial,fp16/bf16/fp32; fp64 unsupported by SDPA
tritonbench/geglu,no,,no,"(..., hidden_size); hidden_size/intermediate_size fixed by nn.Linear in init",activation,nonlinearity,medium,yes,any float (fp16/bf16/fp32/fp64)
tritonbench/gemm,no,,yes,2D+ with matching inner dim,matmul,linear_algebra,easy,yes,any float (fp16/bf16/fp32/fp64)
tritonbench/grouped_gemm,no,,yes,2D+ with matching inner dim,matmul,linear_algebra,easy,yes,any float (fp16/bf16/fp32/fp64)
tritonbench/int4_gemm,no,,no,specific dtype (fp8/int4/int8/bf16),quantization,precision,hard,no,int4 packed as int32
tritonbench/jagged_layer_norm,no,,no,kernel-specific,specialized,misc,hard,no,kernel-specific
tritonbench/jagged_mean,no,,no,kernel-specific,specialized,misc,hard,no,kernel-specific
tritonbench/jagged_softmax,no,,no,kernel-specific,specialized,misc,hard,no,kernel-specific
tritonbench/jagged_sum,no,,no,kernel-specific,specialized,misc,hard,no,kernel-specific
tritonbench/jsd,no,,yes,matching prediction/target pair,loss,objective,medium,partial,float only; some require fp32 for stability
tritonbench/kl_div,no,,yes,matching prediction/target pair,loss,objective,medium,partial,float only; some require fp32 for stability
tritonbench/launch_latency,no,,no,kernel-specific,specialized,misc,hard,no,kernel-specific
tritonbench/layer_norm,no,,partial,trailing dims match normalized_shape from init; leading dims (batch/seq) free,normalization,normalization,medium,partial,any float (fp16/bf16/fp32/fp64); no running stats
tritonbench/low_mem_dropout,no,,yes,any shape float tensor,dropout,regularization,easy,yes,any float (fp16/bf16/fp32/fp64)
tritonbench/mamba2_chunk_scan,no,,no,kernel-specific,specialized,misc,hard,no,kernel-specific
tritonbench/mamba2_chunk_state,no,,no,kernel-specific,specialized,misc,hard,no,kernel-specific
tritonbench/mixed_gemm,no,,no,kernel-specific,specialized,misc,hard,no,kernel-specific
tritonbench/mx4_to_fp32,no,,no,specific dtype (fp8/int4/int8/bf16),quantization,precision,hard,no,mx4 packed as uint8
tritonbench/nvfp4_gemm,no,,no,specific dtype (fp8/int4/int8/bf16),quantization,precision,hard,no,nvfp4 quantized format
tritonbench/ragged_attention,no,,no,"4D (B,H,S,D)",attention,sequence,hard,partial,fp16/bf16/fp32; fp64 unsupported by SDPA
tritonbench/rms_norm,no,,partial,trailing dims match normalized_shape from init; leading dims (batch/seq) free,normalization,normalization,medium,partial,any float (fp16/bf16/fp32/fp64); no running stats
tritonbench/rope,no,,no,"float Q/K tensors (B,H,S,D); head_dim/seq_len match init",positional_encoding,rotary,medium,yes,float Q/K tensors (fp16/bf16/fp32/fp64)
tritonbench/sum,no,,yes,"any shape, configurable dim",reduction,aggregation,easy,yes,any float (fp16/bf16/fp32/fp64)
tritonbench/swiglu,no,,no,"(..., hidden_size); hidden_size/intermediate_size fixed by nn.Linear in init",activation,nonlinearity,medium,yes,any float (fp16/bf16/fp32/fp64)
tritonbench/template_attention,no,,no,"4D (B,H,S,D)",attention,sequence,hard,partial,fp16/bf16/fp32; fp64 unsupported by SDPA
tritonbench/vector_add,no,,yes,"any shape, broadcastable",elementwise,arithmetic,easy,yes,any float (fp16/bf16/fp32/fp64)
tritonbench/vector_exp,no,,yes,"any shape, broadcastable",elementwise,arithmetic,easy,yes,any float (fp16/bf16/fp32/fp64)
tritonbench/welford,no,,partial,trailing dims match normalized_shape from init; leading dims (batch/seq) free,normalization,normalization,medium,partial,any float (fp16/bf16/fp32/fp64); no running stats
